<?xml version="1.0" encoding="UTF-8" standalone="yes"?>
<addon id="script.module.magnetizer" name="Direct Search Magnetizer" version="1.0.0" provider-name="mancuniancol">
    <requires>
        <import addon="xbmc.python" version="2.12.0"/>
    </requires>
    <extension point="xbmc.python.script" library="main.py">
        <provides>executable</provides>
    </extension>
    <extension point="xbmc.python.module" library="resources/lib"/>
    <extension point="xbmc.addon.metadata">
        <summary lang="en">Search with Magnetic</summary>
        <description lang="en">Direct Search Magnetizer
        </description>
        <language>all</language>
        <platform>all</platform>
        <license>GNU GENERAL PUBLIC LICENSE. Version 2, June 1991</license>
    </extension>
</addon>
